{"logD_test_RMSE_mean": 0.536167396356807, "logD_test_R2_mean": 0.8175076169962555, "logD_test_RMSE_std": 0.016076511047197234, "logD_test_R2_std": 0.01093318974705797, "logD_val_RMSE_mean": 0.5529804395143327, "logD_val_R2_mean": 0.7832598567499285, "logD_val_RMSE_std": 0.028371123004686027, "logD_val_R2_std": 0.020681006795536135, "logP_test_RMSE_mean": 0.42811763527434793, "logP_test_R2_mean": 0.9473109483603543, "logP_test_RMSE_std": 0.01254300184347782, "logP_test_R2_std": 0.003091769143135479, "logP_val_RMSE_mean": 0.44483708217404194, "logP_val_R2_mean": 0.9431594138648716, "logP_val_RMSE_std": 0.011835541348365071, "logP_val_R2_std": 0.0032108062504799463}