{"logP_test_RMSE_mean": 0.45854027865725, "logP_test_R2_mean": 0.9396489431984136, "logP_test_RMSE_std": 0.011848678718119891, "logP_test_R2_std": 0.002143063962844989, "logP_val_RMSE_mean": 0.45045251880009374, "logP_val_R2_mean": 0.9425361905073893, "logP_val_RMSE_std": 0.016669414972063184, "logP_val_R2_std": 0.003176573260695143, "logD_test_RMSE_mean": 0.5838245358803915, "logD_test_R2_mean": 0.7626541540412253, "logD_test_RMSE_std": 0.03372203434132702, "logD_test_R2_std": 0.022259327625627396, "logD_val_RMSE_mean": 0.5952036503729559, "logD_val_R2_mean": 0.7456211616974356, "logD_val_RMSE_std": 0.09287001218101881, "logD_val_R2_std": 0.07585225669736512}