{"logP_test_RMSE_mean": 0.4502016984405439, "logP_test_R2_mean": 0.9397996031848919, "logP_test_RMSE_std": 0.006911981304209449, "logP_test_R2_std": 0.0018355765197870999, "logP_val_RMSE_mean": 0.4350699829603906, "logP_val_R2_mean": 0.9459452466190694, "logP_val_RMSE_std": 0.014531965721190861, "logP_val_R2_std": 0.002289791712264204}