{"logD_test_RMSE_mean": 0.5372774950393953, "logD_test_R2_mean": 0.8168735088844586, "logD_test_RMSE_std": 0.00816188833847099, "logD_test_R2_std": 0.005606710098801139, "logD_val_RMSE_mean": 0.5457486923722689, "logD_val_R2_mean": 0.7889623964068329, "logD_val_RMSE_std": 0.04179342685433654, "logD_val_R2_std": 0.023344943016121278, "logP_test_RMSE_mean": 0.4255704453955343, "logP_test_R2_mean": 0.9479738948644736, "logP_test_RMSE_std": 0.004870325413130951, "logP_test_R2_std": 0.0011883289997246097, "logP_val_RMSE_mean": 0.43709412689561966, "logP_val_R2_mean": 0.9450415810168229, "logP_val_RMSE_std": 0.008919888705929881, "logP_val_R2_std": 0.0036016715848812904}