{"logP_test_RMSE_mean": 0.45247014759963566, "logP_test_R2_mean": 0.9392000204942899, "logP_test_RMSE_std": 0.004387471894875665, "logP_test_R2_std": 0.0011783056048025107, "logP_val_RMSE_mean": 0.44154719309162416, "logP_val_R2_mean": 0.944313559277524, "logP_val_RMSE_std": 0.008803386515115131, "logP_val_R2_std": 0.0021054496571103753}