{"logP_test_RMSE_mean": 0.45161968111413664, "logP_test_R2_mean": 0.9414483937288312, "logP_test_RMSE_std": 0.006696559556616524, "logP_test_R2_std": 0.001452051249234918, "logP_val_RMSE_mean": 0.4347954491551812, "logP_val_R2_mean": 0.9453295397928351, "logP_val_RMSE_std": 0.017374646986515536, "logP_val_R2_std": 0.0042234953895150034}