{"logD_test_RMSE_mean": 0.5912873982203272, "logD_test_R2_mean": 0.7580581065363152, "logD_test_RMSE_std": 0.01407761716706475, "logD_test_R2_std": 0.011520771334783166, "logD_val_RMSE_mean": 0.5817998863345637, "logD_val_R2_mean": 0.7631578560061364, "logD_val_RMSE_std": 0.017819398513479454, "logD_val_R2_std": 0.017816328282363222}