{"test_RMSE_mean": 0.46139480495354107, "test_R2_mean": 0.9367662912127616, "test_RMSE_std": 0.0076866092123577, "test_R2_std": 0.00209974174065699, "val_RMSE_mean": 0.45766079383638847, "val_R2_mean": 0.9401689858214882, "val_RMSE_std": 0.008870874703793535, "val_R2_std": 0.002407980723615742}