{"logP_test_RMSE_mean": 0.4386302288369789, "logP_test_R2_mean": 0.9447669330846237, "logP_test_RMSE_std": 0.008440750867921155, "logP_test_R2_std": 0.0017078068176817592, "logP_val_RMSE_mean": 0.4193780486761495, "logP_val_R2_mean": 0.9491294143518123, "logP_val_RMSE_std": 0.018753924020031003, "logP_val_R2_std": 0.004307727796745285}