{"logD_test_RMSE_mean": 0.5572807808834765, "logD_test_R2_mean": 0.7833553663583339, "logD_test_RMSE_std": 0.016362959027579144, "logD_test_R2_std": 0.010408603363393476, "logD_val_RMSE_mean": 0.5654783326853369, "logD_val_R2_mean": 0.7895153207924911, "logD_val_RMSE_std": 0.06544935769643447, "logD_val_R2_std": 0.04656135979178007}