{"logD_test_RMSE_mean": 0.6012498544900121, "logD_test_R2_mean": 0.7499290304454217, "logD_test_RMSE_std": 0.008440873276608321, "logD_test_R2_std": 0.007043452137150837, "logD_val_RMSE_mean": 0.5747205082368492, "logD_val_R2_mean": 0.7686607465101174, "logD_val_RMSE_std": 0.012467135665322805, "logD_val_R2_std": 0.0193387889104507}