{"logP_test_RMSE_mean": 0.43348919621142634, "logP_test_R2_mean": 0.9460644508043897, "logP_test_RMSE_std": 0.013239331488608343, "logP_test_R2_std": 0.0022430448325420193, "logP_val_RMSE_mean": 0.4188157230047508, "logP_val_R2_mean": 0.9503135869950479, "logP_val_RMSE_std": 0.014072611216820803, "logP_val_R2_std": 0.0026957943259562174, "logD_test_RMSE_mean": 0.5480800756241752, "logD_test_R2_mean": 0.7911749803018322, "logD_test_RMSE_std": 0.019150284678838097, "logD_test_R2_std": 0.007911593388430605, "logD_val_RMSE_mean": 0.5485712449708933, "logD_val_R2_mean": 0.7869340428663536, "logD_val_RMSE_std": 0.0454861916070046, "logD_val_R2_std": 0.02852283165132097}