{"logD_test_RMSE_mean": 0.6000313239925552, "logD_test_R2_mean": 0.7483489914480428, "logD_test_RMSE_std": 0.03387698193181005, "logD_test_R2_std": 0.027023477732725436, "logD_val_RMSE_mean": 0.6245259304103057, "logD_val_R2_mean": 0.7440547358258943, "logD_val_RMSE_std": 0.06368081270510068, "logD_val_R2_std": 0.04892055350480768}